{
  "weights": {
    "W_shape": [
      128,
      3136
    ],
    "W_stats": {
      "mean": -0.001020626281388104,
      "std": 0.027350090444087982,
      "min": -0.2617160677909851,
      "max": 0.284446120262146,
      "abs_mean": 0.019203025847673416,
      "abs_max": 0.284446120262146
    },
    "sign_counts": {
      "positive": 187172,
      "negative": 214236,
      "zero": 0
    }
  },
  "w_times_o_all_patterns": {
    "patterns": 10000,
    "contrib_mean_stats": {
      "mean": -0.0003264191036578268,
      "std": 0.014786235056817532,
      "min": -0.30691656470298767,
      "max": 0.32082030177116394,
      "abs_mean": 0.006218719761818647,
      "abs_max": 0.32082030177116394
    },
    "contrib_abs_mean_stats": {
      "mean": 0.006218719761818647,
      "std": 0.013418897986412048,
      "min": 0.0,
      "max": 0.32082030177116394,
      "abs_mean": 0.006218719761818647,
      "abs_max": 0.32082030177116394
    }
  },
  "contribution_ratio": {
    "ratio_stats": {
      "mean": 0.0003188775444868952,
      "std": 0.0006034278776496649,
      "min": 0.0,
      "max": 0.012291062623262405,
      "abs_mean": 0.0003188775444868952,
      "abs_max": 0.012291062623262405
    },
    "top_inputs_first5_neurons": [
      {
        "neuron": 0,
        "top_inputs": [
          324,
          620,
          1647,
          2132,
          228,
          711,
          2922,
          605,
          627,
          2133
        ],
        "top_ratios": [
          0.008321608416736126,
          0.008138918317854404,
          0.006473963614553213,
          0.006070537026971579,
          0.00534809147939086,
          0.005155147984623909,
          0.005154813174158335,
          0.004706662148237228,
          0.004648627247661352,
          0.00455298088490963
        ]
      },
      {
        "neuron": 1,
        "top_inputs": [
          620,
          2193,
          607,
          1629,
          381,
          2958,
          2215,
          2119,
          1250,
          1628
        ],
        "top_ratios": [
          0.009276368655264378,
          0.005118682514876127,
          0.004905888810753822,
          0.0046981521882116795,
          0.004557766951620579,
          0.004244429990649223,
          0.003931282553821802,
          0.0038691628724336624,
          0.003867746563628316,
          0.0038341975305229425
        ]
      },
      {
        "neuron": 2,
        "top_inputs": [
          606,
          3026,
          331,
          3027,
          2118,
          2132,
          1627,
          710,
          711,
          1647
        ],
        "top_ratios": [
          0.006614678539335728,
          0.006262023933231831,
          0.005593293346464634,
          0.004926770925521851,
          0.004841678775846958,
          0.00474796537309885,
          0.004618743434548378,
          0.004498452879488468,
          0.004300752189010382,
          0.004169411025941372
        ]
      },
      {
        "neuron": 3,
        "top_inputs": [
          2193,
          1627,
          2804,
          2264,
          2488,
          2192,
          920,
          338,
          2133,
          2900
        ],
        "top_ratios": [
          0.0067548309452831745,
          0.006475263275206089,
          0.005568110384047031,
          0.005479220300912857,
          0.005073924548923969,
          0.004922819323837757,
          0.004738948307931423,
          0.004691705107688904,
          0.004655756056308746,
          0.004632855765521526
        ]
      },
      {
        "neuron": 4,
        "top_inputs": [
          2760,
          843,
          1621,
          1851,
          267,
          627,
          1626,
          298,
          927,
          2194
        ],
        "top_ratios": [
          0.005315097514539957,
          0.0052755544893443584,
          0.004978240467607975,
          0.004206822719424963,
          0.004162487108260393,
          0.0040992689318954945,
          0.004084133543074131,
          0.004074303898960352,
          0.00402123061940074,
          0.0038840100169181824
        ]
      }
    ]
  },
  "class_specific": {
    "0": {
      "count": 980,
      "class_abs_mean_stats": {
        "mean": 0.007284857798367739,
        "std": 0.020294077694416046,
        "min": 0.0,
        "max": 0.752271831035614,
        "abs_mean": 0.007284857798367739,
        "abs_max": 0.752271831035614
      },
      "top20_inputs": [
        611,
        618,
        509,
        614,
        621,
        2193,
        68,
        2035,
        2959,
        2767,
        67,
        2760,
        2488,
        270,
        2766,
        281,
        2032,
        3027,
        1248,
        718
      ],
      "top20_scores": [
        0.16571813821792603,
        0.14272159337997437,
        0.1233801543712616,
        0.10773023217916489,
        0.0977649837732315,
        0.09312450885772705,
        0.09181630611419678,
        0.09013132750988007,
        0.08915781229734421,
        0.08549308776855469,
        0.08316569030284882,
        0.08144783973693848,
        0.07972438633441925,
        0.07952076196670532,
        0.07772904634475708,
        0.07511675357818604,
        0.07510465383529663,
        0.07433858513832092,
        0.07334087044000626,
        0.07288151979446411
      ]
    },
    "1": {
      "count": 1135,
      "class_abs_mean_stats": {
        "mean": 0.0038308429066091776,
        "std": 0.016275843605399132,
        "min": 0.0,
        "max": 0.7361810207366943,
        "abs_mean": 0.0038308429066091776,
        "abs_max": 0.7361810207366943
      },
      "top20_inputs": [
        563,
        606,
        619,
        2125,
        612,
        2040,
        2132,
        2768,
        626,
        2026,
        2033,
        613,
        2761,
        2118,
        2145,
        556,
        599,
        2775,
        549,
        2139
      ],
      "top20_scores": [
        0.1322457492351532,
        0.12799663841724396,
        0.12339167296886444,
        0.11440224945545197,
        0.11438935250043869,
        0.10801421850919724,
        0.10437195748090744,
        0.10408910363912582,
        0.09583210200071335,
        0.0953649953007698,
        0.09535740315914154,
        0.09207503497600555,
        0.08785621076822281,
        0.08415338397026062,
        0.08240333944559097,
        0.08235587179660797,
        0.08063285797834396,
        0.07764233648777008,
        0.07479981333017349,
        0.07443149387836456
      ]
    },
    "2": {
      "count": 1032,
      "class_abs_mean_stats": {
        "mean": 0.006952887866646051,
        "std": 0.017774179577827454,
        "min": 0.0,
        "max": 0.5517112612724304,
        "abs_mean": 0.006952887866646051,
        "abs_max": 0.5517112612724304
      },
      "top20_inputs": [
        2277,
        1640,
        613,
        710,
        606,
        60,
        1620,
        1641,
        2126,
        2999,
        716,
        376,
        310,
        843,
        866,
        353,
        508,
        949,
        607,
        844
      ],
      "top20_scores": [
        0.11047104746103287,
        0.10487237572669983,
        0.09185447543859482,
        0.09036675840616226,
        0.08553236722946167,
        0.084869384765625,
        0.07488685846328735,
        0.07470367848873138,
        0.07250657677650452,
        0.07139798998832703,
        0.07060066610574722,
        0.07018837332725525,
        0.06899164617061615,
        0.06766608357429504,
        0.06729982048273087,
        0.06409339606761932,
        0.06383908540010452,
        0.06330403685569763,
        0.0608125701546669,
        0.06057816371321678
      ]
    },
    "3": {
      "count": 1010,
      "class_abs_mean_stats": {
        "mean": 0.006987142376601696,
        "std": 0.019891878589987755,
        "min": 0.0,
        "max": 0.7186806201934814,