group,mean_drop,max_drop,min_drop
FC1,0.00013125000000000723,0.0020999999999999908,-0.0008000000000000229
Conv2,5.625000000001115e-05,0.0010000000000000009,-0.0005999999999999339
